//Product category
INSERT INTO PUBLIC.PRODUCT_CATEGORY (CATEGORY_ID, NAME, DESCRIPTION) VALUES (1, 'dairy', 'Products made from milk');
INSERT INTO PUBLIC.PRODUCT_CATEGORY (CATEGORY_ID, NAME, DESCRIPTION) VALUES (2, 'meat', 'Products made of meat');
INSERT INTO PUBLIC.PRODUCT_CATEGORY (CATEGORY_ID, NAME, DESCRIPTION) VALUES (3, 'beverages', 'A drink');

//Supplier
INSERT INTO PUBLIC.SUPPLIER (SUPPLIER_ID, NAME) VALUES (1, 'Napolact');
INSERT INTO PUBLIC.SUPPLIER (SUPPLIER_ID, NAME) VALUES (2, 'Oke');
INSERT INTO PUBLIC.SUPPLIER (SUPPLIER_ID, NAME) VALUES (3, 'Moldovan');
INSERT INTO PUBLIC.SUPPLIER (SUPPLIER_ID, NAME) VALUES (4, 'Meda');
INSERT INTO PUBLIC.SUPPLIER (SUPPLIER_ID, NAME) VALUES (5, 'Dorna');
INSERT INTO PUBLIC.SUPPLIER (SUPPLIER_ID, NAME) VALUES (6, 'Ursus');

//Customer
INSERT INTO PUBLIC.CUSTOMER (CUSTOMER_ID, FIRST_NAME, LAST_NAME, USERNAME, PASSWORD, EMAIL) VALUES (2, 'Andrei', 'Bercean', 'AndreiBercean', '$2a$10$ZQCc6/pdVuAI4VV9eUylY.QwjzgjhiLHb86Fm1Vctt5VwgFuLdOP2', 'andreibercean@yahoo.com');
INSERT INTO PUBLIC.CUSTOMER (CUSTOMER_ID, FIRST_NAME, LAST_NAME, USERNAME, PASSWORD, EMAIL) VALUES (3, 'Marian', 'Corpodean', 'MCorpo', '$2a$10$5XDtaFtsmjq/e.aXexLWRuHLIy.FHzdxeBzmupQ7KgNgm2vF6zjkW', 'corpodeanmarian@yahoo.com');
//Location
INSERT INTO PUBLIC.LOCATION (LOCATION_ID, NAME, ADDRESS_COUNTRY, ADDRESS_CITY, ADDRESS_COUNTY, ADDRESS_STREETADDRESS) VALUES (1, 'Profi', 'Romania', 'Cluj-Napoca', 'Cluj', 'Aleea Detunata nr.1');
INSERT INTO PUBLIC.LOCATION (LOCATION_ID, NAME, ADDRESS_COUNTRY, ADDRESS_CITY, ADDRESS_COUNTY, ADDRESS_STREETADDRESS) VALUES (2, 'Auchan', 'Romania', 'Cluj-Napoca', 'Cluj', 'Strada Alexandru Vaida Voevod 53B');
INSERT INTO PUBLIC.LOCATION (LOCATION_ID, NAME, ADDRESS_COUNTRY, ADDRESS_CITY, ADDRESS_COUNTY, ADDRESS_STREETADDRESS) VALUES (3, 'Lidl', 'Romania', 'Cluj-Napoca', 'Cluj', 'Bulevardul 21 Decembrie 1989 95-97');
INSERT INTO PUBLIC.LOCATION (LOCATION_ID, NAME, ADDRESS_COUNTRY, ADDRESS_CITY, ADDRESS_COUNTY, ADDRESS_STREETADDRESS) VALUES (4, 'Kaufland', 'Romania', 'Cluj-Napoca', 'Cluj', 'Strada Fabricii 12');

//Product
INSERT INTO PUBLIC.PRODUCT (PRODUCT_ID, NAME, DESCRIPTION, PRICE, WEIGHT, PRODUCT_CATEGORY, SUPPLIER, IMAGE_URL) VALUES (2, 'Soy milk', 'Soy milk', 6.5, 1300, 1, 2, 'nope');
INSERT INTO PUBLIC.PRODUCT (PRODUCT_ID, NAME, DESCRIPTION, PRICE, WEIGHT, PRODUCT_CATEGORY, SUPPLIER, IMAGE_URL) VALUES (3, 'Milk', 'Milk', 5.2, 1000, 1, 1, 'nope');
INSERT INTO PUBLIC.PRODUCT (PRODUCT_ID, NAME, DESCRIPTION, PRICE, WEIGHT, PRODUCT_CATEGORY, SUPPLIER, IMAGE_URL) VALUES (35, 'Piept de pui', 'Piept de pui de calitate', 15.6, 1000, 2, 3, 'nope');
INSERT INTO PUBLIC.PRODUCT (PRODUCT_ID, NAME, DESCRIPTION, PRICE, WEIGHT, PRODUCT_CATEGORY, SUPPLIER, IMAGE_URL) VALUES (36, 'Muschi file afumat', 'Muschi afumat', 20.3, 500, 2, 4, 'nope');
INSERT INTO PUBLIC.PRODUCT (PRODUCT_ID, NAME, DESCRIPTION, PRICE, WEIGHT, PRODUCT_CATEGORY, SUPPLIER, IMAGE_URL) VALUES (37, 'Apa plata', 'Apa plata (necarbogazoasa)', 5.5, 900, 3, 5, 'nope');
INSERT INTO PUBLIC.PRODUCT (PRODUCT_ID, NAME, DESCRIPTION, PRICE, WEIGHT, PRODUCT_CATEGORY, SUPPLIER, IMAGE_URL) VALUES (38, 'Apa minerala', 'Apa carbogazificata', 6, 900, 3, 5, 'nope');
INSERT INTO PUBLIC.PRODUCT (PRODUCT_ID, NAME, DESCRIPTION, PRICE, WEIGHT, PRODUCT_CATEGORY, SUPPLIER, IMAGE_URL) VALUES (39, 'Bere blonda', 'Bere 3.5%', 5, 500, 3, 6, 'nope');
INSERT INTO PUBLIC.PRODUCT (PRODUCT_ID, NAME, DESCRIPTION, PRICE, WEIGHT, PRODUCT_CATEGORY, SUPPLIER, IMAGE_URL) VALUES (40, 'Bere neagrea', 'Bere, da neagra 7%', 5.99, 500, 3, 6, 'still nope');

//Stock
INSERT INTO PUBLIC.STOCK (PRODUCT, LOCATION, QUANTITY) VALUES (3, 1, 100);
INSERT INTO PUBLIC.STOCK (PRODUCT, LOCATION, QUANTITY) VALUES (35, 1, 20);
INSERT INTO PUBLIC.STOCK (PRODUCT, LOCATION, QUANTITY) VALUES (36, 1, 10);
INSERT INTO PUBLIC.STOCK (PRODUCT, LOCATION, QUANTITY) VALUES (37, 1, 30);
INSERT INTO PUBLIC.STOCK (PRODUCT, LOCATION, QUANTITY) VALUES (38, 1, 30);
INSERT INTO PUBLIC.STOCK (PRODUCT, LOCATION, QUANTITY) VALUES (39, 1, 50);
INSERT INTO PUBLIC.STOCK (PRODUCT, LOCATION, QUANTITY) VALUES (2, 2, 1000);
INSERT INTO PUBLIC.STOCK (PRODUCT, LOCATION, QUANTITY) VALUES (3, 2, 1000);
INSERT INTO PUBLIC.STOCK (PRODUCT, LOCATION, QUANTITY) VALUES (35, 2, 2000);
INSERT INTO PUBLIC.STOCK (PRODUCT, LOCATION, QUANTITY) VALUES (36, 2, 100);
INSERT INTO PUBLIC.STOCK (PRODUCT, LOCATION, QUANTITY) VALUES (37, 2, 300);
INSERT INTO PUBLIC.STOCK (PRODUCT, LOCATION, QUANTITY) VALUES (38, 2, 300);
INSERT INTO PUBLIC.STOCK (PRODUCT, LOCATION, QUANTITY) VALUES (39, 2, 500);
INSERT INTO PUBLIC.STOCK (PRODUCT, LOCATION, QUANTITY) VALUES (40, 2, 500);
INSERT INTO PUBLIC.STOCK (PRODUCT, LOCATION, QUANTITY) VALUES (3, 3, 70);
INSERT INTO PUBLIC.STOCK (PRODUCT, LOCATION, QUANTITY) VALUES (35, 3, 30);
INSERT INTO PUBLIC.STOCK (PRODUCT, LOCATION, QUANTITY) VALUES (36, 3, 80);
INSERT INTO PUBLIC.STOCK (PRODUCT, LOCATION, QUANTITY) VALUES (37, 3, 20);
INSERT INTO PUBLIC.STOCK (PRODUCT, LOCATION, QUANTITY) VALUES (38, 3, 90);
INSERT INTO PUBLIC.STOCK (PRODUCT, LOCATION, QUANTITY) VALUES (39, 3, 50);
INSERT INTO PUBLIC.STOCK (PRODUCT, LOCATION, QUANTITY) VALUES (3, 4, 2000);
INSERT INTO PUBLIC.STOCK (PRODUCT, LOCATION, QUANTITY) VALUES (35, 4, 30);
INSERT INTO PUBLIC.STOCK (PRODUCT, LOCATION, QUANTITY) VALUES (36, 4, 80);
INSERT INTO PUBLIC.STOCK (PRODUCT, LOCATION, QUANTITY) VALUES (37, 4, 20);
INSERT INTO PUBLIC.STOCK (PRODUCT, LOCATION, QUANTITY) VALUES (38, 4, 90);
INSERT INTO PUBLIC.STOCK (PRODUCT, LOCATION, QUANTITY) VALUES (39, 4, 50);
INSERT INTO PUBLIC.STOCK (PRODUCT, LOCATION, QUANTITY) VALUES (40, 4, 20);